support,f_latency,p_latency,q_latency,r_latency,total_latency,total_token_length
Simple get,5.470000000000001,0.2398,0.00012000000000000002,0.38538,6.0953,335.0
Supported,6.914705882352941,1.5589470588235292,0.00027647058823529415,0.45228823529411766,8.926217647058824,427.2352941176471
"Supported, Unsupported",17.645,1.4971,0.0029,1.29275,20.43775,1055.0
Unsupported,10.59,2.1047333333333333,0.008088888888888889,0.6193222222222222,13.322144444444444,590.1111111111111
