questionambiguity,f_latency,p_latency,q_latency,r_latency,total_latency,total_token_length
Basic,6.173333333333334,0.5896777777777777,0.0075222222222222235,0.5542444444444444,7.324777777777778,405.3333333333333
Implicit conditions,8.5575,2.45201875,0.0007,0.568,11.57821875,515.5625
"Implicit conditions, Implicit operations",11.308333333333332,0.6522666666666667,0.0007499999999999999,0.45813333333333334,12.419483333333332,588.6666666666666
Implicit operations,9.24,0.9529,0.0004,0.6451,10.8384,565.0
"Unknown, Implicit conditions, Implicit operations",5.93,0.232,0.0001,0.3051,6.4672,365.0
