axis,f_latency,p_latency,q_latency,r_latency,total_latency,total_token_length
Spatial,15.76,0.3191333333333333,0.00046666666666666666,0.5387000000000001,16.6183,771.0
Temporal,11.04625,2.9705625,0.009750000000000002,0.8106,14.8371625,663.0
Value,6.3568181818181815,1.1325454545454545,0.00020454545454545454,0.4397409090909091,7.92930909090909,397.3636363636364
